{"cameraMode":{"drawMode":0,"name":"Shaded","section":"Shading Mode"},"sceneLighting":true,"audioPlay":false,"sceneViewState":{"showFog":true,"showMaterialUpdate":false,"showSkybox":true,"showFlares":true,"showImageEffects":true,"showParticleSystems":true},"in2DMode":false,"pivot":{"x":524.2227783203125,"y":214.9510498046875,"z":135.31988525390626},"rotation":{"x":0.2323474884033203,"y":-0.05686035007238388,"z":0.01360908430069685,"w":0.970874011516571},"size":694.600341796875,"orthographic":false}